configuration,timesteps,name,actor_network,critic_network,lr_start,lr_end,n_steps,batch_size,n_epochs,gamma,gae_lambda,clip_start,clip_end,ent_coef,vf_coef,max_grad_norm,target_kl,clip_range_vf,best_score,winner_score
1,375000,auto_098,"[64, 64]","[64, 64]",0.0002944121441242525,5.460088230521054e-05,2048,64,5,0.9845491126154651,0.9171070769621462,0.1589605498521274,0.10115861587540172,0.06077069208880042,0.5,0.5,,,53.170828125,53.170828125
2,375000,auto_359,"[64, 64]","[64, 64]",0.0003790356687552224,6.287029567600739e-05,256,64,8,0.9956781649896798,0.9121501979348245,0.19743427209690612,0.08354311267106172,0.0320270049103265,0.5,0.5,0.03196577497022432,,60.348906250000006,60.348906250000006
3,375000,auto_366,"[64, 64]","[128, 128]",0.00030373889755282445,6.746190580944042e-06,1024,64,8,0.9906351130454322,0.9102249957402518,0.19229350632406766,0.040226497785352366,0.01449789702512093,0.5,0.5,0.03674466196892715,,43.12084375,43.12084375
4,375000,auto_098,"[64, 64]","[64, 64]",0.0002944121441242525,5.460088230521054e-05,2048,64,5,0.9845491126154651,0.9171070769621462,0.1589605498521274,0.10115861587540172,0.06077069208880042,0.5,0.5,,,25.8793828125,25.8793828125
5,375000,auto_421,"[64, 64]","[128, 128]",0.0003323949229958681,3.130386428773952e-05,512,64,5,0.990109366279946,0.901723706450002,0.2053147959855876,0.07709934159862007,0.0654101984056697,0.5,0.5,0.009248103225853208,,7.638703124999999,7.638703124999999
6,375000,auto_448,"[64, 64]","[64, 64]",0.0006245435660436964,2.7503355208453628e-05,1024,64,10,0.9890555593574961,0.914895434922753,0.236640117249551,0.12272053619766307,0.03326248168747035,0.5,0.5,0.013258283713613544,,-12.892390624999999,-12.892390624999999
7,375000,auto_098,"[64, 64]","[64, 64]",0.0002944121441242525,5.460088230521054e-05,2048,64,5,0.9845491126154651,0.9171070769621462,0.1589605498521274,0.10115861587540172,0.06077069208880042,0.5,0.5,,,71.13619531249999,71.13619531249999
8,375000,auto_421,"[64, 64]","[128, 128]",0.0003323949229958681,3.130386428773952e-05,512,64,5,0.990109366279946,0.901723706450002,0.2053147959855876,0.07709934159862007,0.0654101984056697,0.5,0.5,0.009248103225853208,,67.6081015625,67.6081015625
9,375000,auto_306,"[64, 64]","[128, 128]",0.0008002983824707991,1.4896140962299413e-06,1024,64,5,0.9860787061013278,0.9245880346705846,0.28309620341849673,0.1369295288475828,0.008173216203259727,0.5,0.5,0.03139644935636998,,57.047695312500004,57.227117187500006
10,375000,auto_421,"[64, 64]","[128, 128]",0.0003323949229958681,3.130386428773952e-05,512,64,5,0.990109366279946,0.901723706450002,0.2053147959855876,0.07709934159862007,0.0654101984056697,0.5,0.5,0.009248103225853208,,42.55580468749999,42.55580468749999
11,375000,auto_366,"[64, 64]","[128, 128]",0.00030373889755282445,6.746190580944042e-06,1024,64,8,0.9906351130454322,0.9102249957402518,0.19229350632406766,0.040226497785352366,0.01449789702512093,0.5,0.5,0.03674466196892715,,23.497835937500003,23.497835937500003
12,375000,auto_448,"[64, 64]","[64, 64]",0.0006245435660436964,2.7503355208453628e-05,1024,64,10,0.9890555593574961,0.914895434922753,0.236640117249551,0.12272053619766307,0.03326248168747035,0.5,0.5,0.013258283713613544,,2.3042187499999995,2.3042187499999995
13,375000,auto_366,"[64, 64]","[128, 128]",0.00030373889755282445,6.746190580944042e-06,1024,64,8,0.9906351130454322,0.9102249957402518,0.19229350632406766,0.040226497785352366,0.01449789702512093,0.5,0.5,0.03674466196892715,,65.00113281249999,65.06713281249999
14,375000,auto_306,"[64, 64]","[128, 128]",0.0008002983824707991,1.4896140962299413e-06,1024,64,5,0.9860787061013278,0.9245880346705846,0.28309620341849673,0.1369295288475828,0.008173216203259727,0.5,0.5,0.03139644935636998,,65.605453125,65.605453125
15,375000,auto_448,"[64, 64]","[64, 64]",0.0006245435660436964,2.7503355208453628e-05,1024,64,10,0.9890555593574961,0.914895434922753,0.236640117249551,0.12272053619766307,0.03326248168747035,0.5,0.5,0.013258283713613544,,62.2774140625,62.2774140625
16,375000,auto_306,"[64, 64]","[128, 128]",0.0008002983824707991,1.4896140962299413e-06,1024,64,5,0.9860787061013278,0.9245880346705846,0.28309620341849673,0.1369295288475828,0.008173216203259727,0.5,0.5,0.03139644935636998,,53.4001328125,53.430148437499994
17,375000,auto_366,"[64, 64]","[128, 128]",0.00030373889755282445,6.746190580944042e-06,1024,64,8,0.9906351130454322,0.9102249957402518,0.19229350632406766,0.040226497785352366,0.01449789702512093,0.5,0.5,0.03674466196892715,,39.04996875,39.1931328125
18,375000,auto_098,"[64, 64]","[64, 64]",0.0002944121441242525,5.460088230521054e-05,2048,64,5,0.9845491126154651,0.9171070769621462,0.1589605498521274,0.10115861587540172,0.06077069208880042,0.5,0.5,,,21.069546875,21.069546875
19,375000,auto_366,"[64, 64]","[128, 128]",0.00030373889755282445,6.746190580944042e-06,1024,64,8,0.9906351130454322,0.9102249957402518,0.19229350632406766,0.040226497785352366,0.01449789702512093,0.5,0.5,0.03674466196892715,,58.927531249999994,58.927531249999994
20,375000,auto_098,"[64, 64]","[64, 64]",0.0002944121441242525,5.460088230521054e-05,2048,64,5,0.9845491126154651,0.9171070769621462,0.1589605498521274,0.10115861587540172,0.06077069208880042,0.5,0.5,,,61.080859375,61.1572109375
21,375000,auto_421,"[64, 64]","[128, 128]",0.0003323949229958681,3.130386428773952e-05,512,64,5,0.990109366279946,0.901723706450002,0.2053147959855876,0.07709934159862007,0.0654101984056697,0.5,0.5,0.009248103225853208,,60.870304687499996,61.1484375
22,375000,auto_098,"[64, 64]","[64, 64]",0.0002944121441242525,5.460088230521054e-05,2048,64,5,0.9845491126154651,0.9171070769621462,0.1589605498521274,0.10115861587540172,0.06077069208880042,0.5,0.5,,,56.921265625000004,56.921265625000004
23,375000,auto_098,"[64, 64]","[64, 64]",0.0002944121441242525,5.460088230521054e-05,2048,64,5,0.9845491126154651,0.9171070769621462,0.1589605498521274,0.10115861587540172,0.06077069208880042,0.5,0.5,,,47.82775,47.82775
24,375000,auto_098,"[64, 64]","[64, 64]",0.0002944121441242525,5.460088230521054e-05,2048,64,5,0.9845491126154651,0.9171070769621462,0.1589605498521274,0.10115861587540172,0.06077069208880042,0.5,0.5,,,34.8727109375,35.052828125000005
25,375000,auto_448,"[64, 64]","[64, 64]",0.0006245435660436964,2.7503355208453628e-05,1024,64,10,0.9890555593574961,0.914895434922753,0.236640117249551,0.12272053619766307,0.03326248168747035,0.5,0.5,0.013258283713613544,,52.77346874999999,52.77346874999999
26,375000,auto_306,"[64, 64]","[128, 128]",0.0008002983824707991,1.4896140962299413e-06,1024,64,5,0.9860787061013278,0.9245880346705846,0.28309620341849673,0.1369295288475828,0.008173216203259727,0.5,0.5,0.03139644935636998,,55.78071874999999,56.060921875
27,375000,auto_098,"[64, 64]","[64, 64]",0.0002944121441242525,5.460088230521054e-05,2048,64,5,0.9845491126154651,0.9171070769621462,0.1589605498521274,0.10115861587540172,0.06077069208880042,0.5,0.5,,,58.12757812499999,58.12757812499999
28,375000,auto_366,"[64, 64]","[128, 128]",0.00030373889755282445,6.746190580944042e-06,1024,64,8,0.9906351130454322,0.9102249957402518,0.19229350632406766,0.040226497785352366,0.01449789702512093,0.5,0.5,0.03674466196892715,,56.636765624999995,56.636765624999995
29,375000,auto_359,"[64, 64]","[64, 64]",0.0003790356687552224,6.287029567600739e-05,256,64,8,0.9956781649896798,0.9121501979348245,0.19743427209690612,0.08354311267106172,0.0320270049103265,0.5,0.5,0.03196577497022432,,51.050765625,51.050765625
30,375000,auto_421,"[64, 64]","[128, 128]",0.0003323949229958681,3.130386428773952e-05,512,64,5,0.990109366279946,0.901723706450002,0.2053147959855876,0.07709934159862007,0.0654101984056697,0.5,0.5,0.009248103225853208,,41.8006796875,41.8006796875
31,375000,auto_366,"[64, 64]","[128, 128]",0.00030373889755282445,6.746190580944042e-06,1024,64,8,0.9906351130454322,0.9102249957402518,0.19229350632406766,0.040226497785352366,0.01449789702512093,0.5,0.5,0.03674466196892715,,47.313171875,47.488703125
32,375000,auto_359,"[64, 64]","[64, 64]",0.0003790356687552224,6.287029567600739e-05,256,64,8,0.9956781649896798,0.9121501979348245,0.19743427209690612,0.08354311267106172,0.0320270049103265,0.5,0.5,0.03196577497022432,,51.0905078125,51.0905078125
33,375000,auto_306,"[64, 64]","[128, 128]",0.0008002983824707991,1.4896140962299413e-06,1024,64,5,0.9860787061013278,0.9245880346705846,0.28309620341849673,0.1369295288475828,0.008173216203259727,0.5,0.5,0.03139644935636998,,54.2544921875,54.2544921875
34,375000,auto_421,"[64, 64]","[128, 128]",0.0003323949229958681,3.130386428773952e-05,512,64,5,0.990109366279946,0.901723706450002,0.2053147959855876,0.07709934159862007,0.0654101984056697,0.5,0.5,0.009248103225853208,,54.821265625,54.821265625
35,375000,auto_306,"[64, 64]","[128, 128]",0.0008002983824707991,1.4896140962299413e-06,1024,64,5,0.9860787061013278,0.9245880346705846,0.28309620341849673,0.1369295288475828,0.008173216203259727,0.5,0.5,0.03139644935636998,,51.436671875,51.436671875
36,375000,auto_098,"[64, 64]","[64, 64]",0.0002944121441242525,5.460088230521054e-05,2048,64,5,0.9845491126154651,0.9171070769621462,0.1589605498521274,0.10115861587540172,0.06077069208880042,0.5,0.5,,,44.852304687499995,44.852304687499995
37,400000,auto_366,"[64, 64]","[128, 128]",0.00030373889755282445,6.746190580944042e-06,1024,64,8,0.9906351130454322,0.9102249957402518,0.19229350632406766,0.040226497785352366,0.01449789702512093,0.5,0.5,0.03674466196892715,,32.77784375,32.77784375
38,400000,auto_421,"[64, 64]","[128, 128]",0.0003323949229958681,3.130386428773952e-05,512,64,5,0.990109366279946,0.901723706450002,0.2053147959855876,0.07709934159862007,0.0654101984056697,0.5,0.5,0.009248103225853208,,41.93246875,41.93246875
39,400000,auto_359,"[64, 64]","[64, 64]",0.0003790356687552224,6.287029567600739e-05,256,64,8,0.9956781649896798,0.9121501979348245,0.19743427209690612,0.08354311267106172,0.0320270049103265,0.5,0.5,0.03196577497022432,,26.3156796875,26.3156796875
40,400000,auto_098,"[64, 64]","[64, 64]",0.0002944121441242525,5.460088230521054e-05,2048,64,5,0.9845491126154651,0.9171070769621462,0.1589605498521274,0.10115861587540172,0.06077069208880042,0.5,0.5,,,10.6228515625,10.6228515625
41,400000,auto_366,"[64, 64]","[128, 128]",0.00030373889755282445,6.746190580944042e-06,1024,64,8,0.9906351130454322,0.9102249957402518,0.19229350632406766,0.040226497785352366,0.01449789702512093,0.5,0.5,0.03674466196892715,,-4.5600625,-4.5600625
42,400000,auto_366,"[64, 64]","[128, 128]",0.00030373889755282445,6.746190580944042e-06,1024,64,8,0.9906351130454322,0.9102249957402518,0.19229350632406766,0.040226497785352366,0.01449789702512093,0.5,0.5,0.03674466196892715,,-23.56965625,-23.56965625
43,400000,auto_306,"[64, 64]","[128, 128]",0.0008002983824707991,1.4896140962299413e-06,1024,64,5,0.9860787061013278,0.9245880346705846,0.28309620341849673,0.1369295288475828,0.008173216203259727,0.5,0.5,0.03139644935636998,,48.752140624999996,48.82410156249999
44,400000,auto_421,"[64, 64]","[128, 128]",0.0003323949229958681,3.130386428773952e-05,512,64,5,0.990109366279946,0.901723706450002,0.2053147959855876,0.07709934159862007,0.0654101984056697,0.5,0.5,0.009248103225853208,,48.323054687500004,48.323054687500004
45,400000,auto_421,"[64, 64]","[128, 128]",0.0003323949229958681,3.130386428773952e-05,512,64,5,0.990109366279946,0.901723706450002,0.2053147959855876,0.07709934159862007,0.0654101984056697,0.5,0.5,0.009248103225853208,,39.491453125,39.491453125
46,400000,auto_098,"[64, 64]","[64, 64]",0.0002944121441242525,5.460088230521054e-05,2048,64,5,0.9845491126154651,0.9171070769621462,0.1589605498521274,0.10115861587540172,0.06077069208880042,0.5,0.5,,,25.5664921875,25.5664921875
47,400000,auto_359,"[64, 64]","[64, 64]",0.0003790356687552224,6.287029567600739e-05,256,64,8,0.9956781649896798,0.9121501979348245,0.19743427209690612,0.08354311267106172,0.0320270049103265,0.5,0.5,0.03196577497022432,,9.5272109375,9.5272109375
48,400000,auto_366,"[64, 64]","[128, 128]",0.00030373889755282445,6.746190580944042e-06,1024,64,8,0.9906351130454322,0.9102249957402518,0.19229350632406766,0.040226497785352366,0.01449789702512093,0.5,0.5,0.03674466196892715,,-9.2884375,-9.2884375
49,400000,auto_366,"[64, 64]","[128, 128]",0.00030373889755282445,6.746190580944042e-06,1024,64,8,0.9906351130454322,0.9102249957402518,0.19229350632406766,0.040226497785352366,0.01449789702512093,0.5,0.5,0.03674466196892715,,41.2205703125,41.2205703125
50,400000,auto_306,"[64, 64]","[128, 128]",0.0008002983824707991,1.4896140962299413e-06,1024,64,5,0.9860787061013278,0.9245880346705846,0.28309620341849673,0.1369295288475828,0.008173216203259727,0.5,0.5,0.03139644935636998,,45.1141953125,45.1141953125
51,400000,auto_366,"[64, 64]","[128, 128]",0.00030373889755282445,6.746190580944042e-06,1024,64,8,0.9906351130454322,0.9102249957402518,0.19229350632406766,0.040226497785352366,0.01449789702512093,0.5,0.5,0.03674466196892715,,43.326445312500006,43.326445312500006
52,400000,auto_306,"[64, 64]","[128, 128]",0.0008002983824707991,1.4896140962299413e-06,1024,64,5,0.9860787061013278,0.9245880346705846,0.28309620341849673,0.1369295288475828,0.008173216203259727,0.5,0.5,0.03139644935636998,,35.141859375,35.141859375
53,400000,auto_098,"[64, 64]","[64, 64]",0.0002944121441242525,5.460088230521054e-05,2048,64,5,0.9845491126154651,0.9171070769621462,0.1589605498521274,0.10115861587540172,0.06077069208880042,0.5,0.5,,,21.8561796875,21.8561796875
54,400000,auto_366,"[64, 64]","[128, 128]",0.00030373889755282445,6.746190580944042e-06,1024,64,8,0.9906351130454322,0.9102249957402518,0.19229350632406766,0.040226497785352366,0.01449789702512093,0.5,0.5,0.03674466196892715,,4.98046875,4.98046875
55,400000,auto_366,"[64, 64]","[128, 128]",0.00030373889755282445,6.746190580944042e-06,1024,64,8,0.9906351130454322,0.9102249957402518,0.19229350632406766,0.040226497785352366,0.01449789702512093,0.5,0.5,0.03674466196892715,,33.325484374999995,33.380359375
56,400000,auto_366,"[64, 64]","[128, 128]",0.00030373889755282445,6.746190580944042e-06,1024,64,8,0.9906351130454322,0.9102249957402518,0.19229350632406766,0.040226497785352366,0.01449789702512093,0.5,0.5,0.03674466196892715,,39.0332421875,39.30328125
57,400000,auto_359,"[64, 64]","[64, 64]",0.0003790356687552224,6.287029567600739e-05,256,64,8,0.9956781649896798,0.9121501979348245,0.19743427209690612,0.08354311267106172,0.0320270049103265,0.5,0.5,0.03196577497022432,,41.308,41.308
58,400000,auto_421,"[64, 64]","[128, 128]",0.0003323949229958681,3.130386428773952e-05,512,64,5,0.990109366279946,0.901723706450002,0.2053147959855876,0.07709934159862007,0.0654101984056697,0.5,0.5,0.009248103225853208,,38.189953125,38.189953125
59,400000,auto_366,"[64, 64]","[128, 128]",0.00030373889755282445,6.746190580944042e-06,1024,64,8,0.9906351130454322,0.9102249957402518,0.19229350632406766,0.040226497785352366,0.01449789702512093,0.5,0.5,0.03674466196892715,,29.626859375000002,29.799406250000004
60,400000,auto_421,"[64, 64]","[128, 128]",0.0003323949229958681,3.130386428773952e-05,512,64,5,0.990109366279946,0.901723706450002,0.2053147959855876,0.07709934159862007,0.0654101984056697,0.5,0.5,0.009248103225853208,,16.277406250000002,16.277406250000002
61,400000,auto_098,"[64, 64]","[64, 64]",0.0002944121441242525,5.460088230521054e-05,2048,64,5,0.9845491126154651,0.9171070769621462,0.1589605498521274,0.10115861587540172,0.06077069208880042,0.5,0.5,,,25.629890624999994,25.629890624999994
62,400000,auto_366,"[64, 64]","[128, 128]",0.00030373889755282445,6.746190580944042e-06,1024,64,8,0.9906351130454322,0.9102249957402518,0.19229350632406766,0.040226497785352366,0.01449789702512093,0.5,0.5,0.03674466196892715,,32.243343749999994,32.243343749999994
63,400000,auto_098,"[64, 64]","[64, 64]",0.0002944121441242525,5.460088230521054e-05,2048,64,5,0.9845491126154651,0.9171070769621462,0.1589605498521274,0.10115861587540172,0.06077069208880042,0.5,0.5,,,36.5400625,36.5400625
64,400000,auto_366,"[64, 64]","[128, 128]",0.00030373889755282445,6.746190580944042e-06,1024,64,8,0.9906351130454322,0.9102249957402518,0.19229350632406766,0.040226497785352366,0.01449789702512093,0.5,0.5,0.03674466196892715,,37.487234375,37.487234375
65,400000,auto_366,"[64, 64]","[128, 128]",0.00030373889755282445,6.746190580944042e-06,1024,64,8,0.9906351130454322,0.9102249957402518,0.19229350632406766,0.040226497785352366,0.01449789702512093,0.5,0.5,0.03674466196892715,,32.867984375000006,32.867984375000006
66,400000,auto_366,"[64, 64]","[128, 128]",0.00030373889755282445,6.746190580944042e-06,1024,64,8,0.9906351130454322,0.9102249957402518,0.19229350632406766,0.040226497785352366,0.01449789702512093,0.5,0.5,0.03674466196892715,,23.4441015625,23.4441015625
67,400000,auto_366,"[64, 64]","[128, 128]",0.00030373889755282445,6.746190580944042e-06,1024,64,8,0.9906351130454322,0.9102249957402518,0.19229350632406766,0.040226497785352366,0.01449789702512093,0.5,0.5,0.03674466196892715,,17.093687499999998,17.093687499999998
68,400000,auto_421,"[64, 64]","[128, 128]",0.0003323949229958681,3.130386428773952e-05,512,64,5,0.990109366279946,0.901723706450002,0.2053147959855876,0.07709934159862007,0.0654101984056697,0.5,0.5,0.009248103225853208,,24.8433671875,24.8433671875
69,400000,auto_366,"[64, 64]","[128, 128]",0.00030373889755282445,6.746190580944042e-06,1024,64,8,0.9906351130454322,0.9102249957402518,0.19229350632406766,0.040226497785352366,0.01449789702512093,0.5,0.5,0.03674466196892715,,30.9049921875,30.9049921875
70,400000,auto_359,"[64, 64]","[64, 64]",0.0003790356687552224,6.287029567600739e-05,256,64,8,0.9956781649896798,0.9121501979348245,0.19743427209690612,0.08354311267106172,0.0320270049103265,0.5,0.5,0.03196577497022432,,34.129312500000005,34.129312500000005
71,400000,auto_359,"[64, 64]","[64, 64]",0.0003790356687552224,6.287029567600739e-05,256,64,8,0.9956781649896798,0.9121501979348245,0.19743427209690612,0.08354311267106172,0.0320270049103265,0.5,0.5,0.03196577497022432,,33.01865625,33.01865625
72,400000,auto_359,"[64, 64]","[64, 64]",0.0003790356687552224,6.287029567600739e-05,256,64,8,0.9956781649896798,0.9121501979348245,0.19743427209690612,0.08354311267106172,0.0320270049103265,0.5,0.5,0.03196577497022432,,26.780484374999997,26.780484374999997
73,375000,auto_099,"[128, 128]","[128, 128]",0.00029267995456034836,3.8862517346673336e-05,1024,64,10,0.991791938092433,0.9095526079322096,0.25808645998611496,0.11848356372889815,0.05743360182820927,0.5,0.5,0.02653174829025068,,52.4658359375,52.4658359375
74,375000,auto_306,"[64, 64]","[128, 128]",0.0008002983824707991,1.4896140962299413e-06,1024,64,5,0.9860787061013278,0.9245880346705846,0.28309620341849673,0.1369295288475828,0.008173216203259727,0.5,0.5,0.03139644935636998,,64.57676562500001,64.57676562500001
75,375000,auto_366,"[64, 64]","[128, 128]",0.00030373889755282445,6.746190580944042e-06,1024,64,8,0.9906351130454322,0.9102249957402518,0.19229350632406766,0.040226497785352366,0.01449789702512093,0.5,0.5,0.03674466196892715,,42.036484375,42.036484375
76,375000,auto_448,"[64, 64]","[64, 64]",0.0006245435660436964,2.7503355208453628e-05,1024,64,10,0.9890555593574961,0.914895434922753,0.236640117249551,0.12272053619766307,0.03326248168747035,0.5,0.5,0.013258283713613544,,23.583820312500002,23.583820312500002
77,375000,auto_098,"[64, 64]","[64, 64]",0.0002944121441242525,5.460088230521054e-05,2048,64,5,0.9845491126154651,0.9171070769621462,0.1589605498521274,0.10115861587540172,0.06077069208880042,0.5,0.5,,,6.549367187499999,6.549367187499999
78,375000,auto_098,"[64, 64]","[64, 64]",0.0002944121441242525,5.460088230521054e-05,2048,64,5,0.9845491126154651,0.9171070769621462,0.1589605498521274,0.10115861587540172,0.06077069208880042,0.5,0.5,,,-11.6394453125,-11.6394453125
79,375000,auto_448,"[64, 64]","[64, 64]",0.0006245435660436964,2.7503355208453628e-05,1024,64,10,0.9890555593574961,0.914895434922753,0.236640117249551,0.12272053619766307,0.03326248168747035,0.5,0.5,0.013258283713613544,,70.469296875,70.469296875
80,375000,auto_098,"[64, 64]","[64, 64]",0.0002944121441242525,5.460088230521054e-05,2048,64,5,0.9845491126154651,0.9171070769621462,0.1589605498521274,0.10115861587540172,0.06077069208880042,0.5,0.5,,,69.2345078125,69.2345078125
81,375000,auto_421,"[64, 64]","[128, 128]",0.0003323949229958681,3.130386428773952e-05,512,64,5,0.990109366279946,0.901723706450002,0.2053147959855876,0.07709934159862007,0.0654101984056697,0.5,0.5,0.009248103225853208,,56.608625,56.608625
82,375000,auto_306,"[64, 64]","[128, 128]",0.0008002983824707991,1.4896140962299413e-06,1024,64,5,0.9860787061013278,0.9245880346705846,0.28309620341849673,0.1369295288475828,0.008173216203259727,0.5,0.5,0.03139644935636998,,41.1549375,41.1549375
83,375000,auto_306,"[64, 64]","[128, 128]",0.0008002983824707991,1.4896140962299413e-06,1024,64,5,0.9860787061013278,0.9245880346705846,0.28309620341849673,0.1369295288475828,0.008173216203259727,0.5,0.5,0.03139644935636998,,23.2353046875,23.381023437499998
84,375000,auto_366,"[64, 64]","[128, 128]",0.00030373889755282445,6.746190580944042e-06,1024,64,8,0.9906351130454322,0.9102249957402518,0.19229350632406766,0.040226497785352366,0.01449789702512093,0.5,0.5,0.03674466196892715,,4.4050078125,4.4050078125
85,375000,auto_366,"[64, 64]","[128, 128]",0.00030373889755282445,6.746190580944042e-06,1024,64,8,0.9906351130454322,0.9102249957402518,0.19229350632406766,0.040226497785352366,0.01449789702512093,0.5,0.5,0.03674466196892715,,64.57772656249999,64.57772656249999
86,375000,auto_366,"[64, 64]","[128, 128]",0.00030373889755282445,6.746190580944042e-06,1024,64,8,0.9906351130454322,0.9102249957402518,0.19229350632406766,0.040226497785352366,0.01449789702512093,0.5,0.5,0.03674466196892715,,66.350484375,66.350484375
87,375000,auto_366,"[64, 64]","[128, 128]",0.00030373889755282445,6.746190580944042e-06,1024,64,8,0.9906351130454322,0.9102249957402518,0.19229350632406766,0.040226497785352366,0.01449789702512093,0.5,0.5,0.03674466196892715,,61.955375000000004,61.955375000000004
88,375000,auto_098,"[64, 64]","[64, 64]",0.0002944121441242525,5.460088230521054e-05,2048,64,5,0.9845491126154651,0.9171070769621462,0.1589605498521274,0.10115861587540172,0.06077069208880042,0.5,0.5,,,52.298296875000005,52.332398437500004
89,375000,auto_306,"[64, 64]","[128, 128]",0.0008002983824707991,1.4896140962299413e-06,1024,64,5,0.9860787061013278,0.9245880346705846,0.28309620341849673,0.1369295288475828,0.008173216203259727,0.5,0.5,0.03139644935636998,,38.541953125,38.660320312500005
90,375000,auto_138,"[64, 64]","[128, 128]",0.0007262635909625315,5.3304802439987826e-05,256,64,8,0.9900757075487362,0.9191551905508695,0.31322072299055664,0.08936037662852556,0.028343529607694647,0.5,0.5,,,22.238796875,22.238796875
91,375000,auto_306,"[64, 64]","[128, 128]",0.0008002983824707991,1.4896140962299413e-06,1024,64,5,0.9860787061013278,0.9245880346705846,0.28309620341849673,0.1369295288475828,0.008173216203259727,0.5,0.5,0.03139644935636998,,58.422906250000004,58.422906250000004
92,375000,auto_366,"[64, 64]","[128, 128]",0.00030373889755282445,6.746190580944042e-06,1024,64,8,0.9906351130454322,0.9102249957402518,0.19229350632406766,0.040226497785352366,0.01449789702512093,0.5,0.5,0.03674466196892715,,61.733070312500004,61.733070312500004
93,375000,auto_366,"[64, 64]","[128, 128]",0.00030373889755282445,6.746190580944042e-06,1024,64,8,0.9906351130454322,0.9102249957402518,0.19229350632406766,0.040226497785352366,0.01449789702512093,0.5,0.5,0.03674466196892715,,60.93857812500001,60.93857812500001
94,375000,auto_421,"[64, 64]","[128, 128]",0.0003323949229958681,3.130386428773952e-05,512,64,5,0.990109366279946,0.901723706450002,0.2053147959855876,0.07709934159862007,0.0654101984056697,0.5,0.5,0.009248103225853208,,56.325109375,56.325109375
95,375000,auto_366,"[64, 64]","[128, 128]",0.00030373889755282445,6.746190580944042e-06,1024,64,8,0.9906351130454322,0.9102249957402518,0.19229350632406766,0.040226497785352366,0.01449789702512093,0.5,0.5,0.03674466196892715,,47.277,47.39275
96,375000,auto_366,"[64, 64]","[128, 128]",0.00030373889755282445,6.746190580944042e-06,1024,64,8,0.9906351130454322,0.9102249957402518,0.19229350632406766,0.040226497785352366,0.01449789702512093,0.5,0.5,0.03674466196892715,,34.993296875,34.993296875
97,375000,auto_366,"[64, 64]","[128, 128]",0.00030373889755282445,6.746190580944042e-06,1024,64,8,0.9906351130454322,0.9102249957402518,0.19229350632406766,0.040226497785352366,0.01449789702512093,0.5,0.5,0.03674466196892715,,52.044882812500006,52.2681640625
98,375000,auto_421,"[64, 64]","[128, 128]",0.0003323949229958681,3.130386428773952e-05,512,64,5,0.990109366279946,0.901723706450002,0.2053147959855876,0.07709934159862007,0.0654101984056697,0.5,0.5,0.009248103225853208,,56.0988046875,56.0988046875
99,375000,auto_366,"[64, 64]","[128, 128]",0.00030373889755282445,6.746190580944042e-06,1024,64,8,0.9906351130454322,0.9102249957402518,0.19229350632406766,0.040226497785352366,0.01449789702512093,0.5,0.5,0.03674466196892715,,57.8058515625,57.8058515625
100,375000,auto_366,"[64, 64]","[128, 128]",0.00030373889755282445,6.746190580944042e-06,1024,64,8,0.9906351130454322,0.9102249957402518,0.19229350632406766,0.040226497785352366,0.01449789702512093,0.5,0.5,0.03674466196892715,,56.08296875,56.2901875
101,375000,auto_366,"[64, 64]","[128, 128]",0.00030373889755282445,6.746190580944042e-06,1024,64,8,0.9906351130454322,0.9102249957402518,0.19229350632406766,0.040226497785352366,0.01449789702512093,0.5,0.5,0.03674466196892715,,50.9331015625,50.9331015625
102,375000,auto_366,"[64, 64]","[128, 128]",0.00030373889755282445,6.746190580944042e-06,1024,64,8,0.9906351130454322,0.9102249957402518,0.19229350632406766,0.040226497785352366,0.01449789702512093,0.5,0.5,0.03674466196892715,,41.730414062499996,41.730414062499996
103,375000,auto_366,"[64, 64]","[128, 128]",0.00030373889755282445,6.746190580944042e-06,1024,64,8,0.9906351130454322,0.9102249957402518,0.19229350632406766,0.040226497785352366,0.01449789702512093,0.5,0.5,0.03674466196892715,,46.5902421875,46.5902421875
104,375000,auto_366,"[64, 64]","[128, 128]",0.00030373889755282445,6.746190580944042e-06,1024,64,8,0.9906351130454322,0.9102249957402518,0.19229350632406766,0.040226497785352366,0.01449789702512093,0.5,0.5,0.03674466196892715,,50.597781250000004,50.76134375
105,375000,auto_359,"[64, 64]","[64, 64]",0.0003790356687552224,6.287029567600739e-05,256,64,8,0.9956781649896798,0.9121501979348245,0.19743427209690612,0.08354311267106172,0.0320270049103265,0.5,0.5,0.03196577497022432,,53.9258515625,53.9258515625
106,375000,auto_098,"[64, 64]","[64, 64]",0.0002944121441242525,5.460088230521054e-05,2048,64,5,0.9845491126154651,0.9171070769621462,0.1589605498521274,0.10115861587540172,0.06077069208880042,0.5,0.5,,,54.420367187500005,54.420367187500005
107,375000,auto_366,"[64, 64]","[128, 128]",0.00030373889755282445,6.746190580944042e-06,1024,64,8,0.9906351130454322,0.9102249957402518,0.19229350632406766,0.040226497785352366,0.01449789702512093,0.5,0.5,0.03674466196892715,,51.41322656250001,51.41322656250001
108,375000,auto_306,"[64, 64]","[128, 128]",0.0008002983824707991,1.4896140962299413e-06,1024,64,5,0.9860787061013278,0.9245880346705846,0.28309620341849673,0.1369295288475828,0.008173216203259727,0.5,0.5,0.03139644935636998,,44.660343749999996,44.7283984375
109,400000,auto_421,"[64, 64]","[128, 128]",0.0003323949229958681,3.130386428773952e-05,512,64,5,0.990109366279946,0.901723706450002,0.2053147959855876,0.07709934159862007,0.0654101984056697,0.5,0.5,0.009248103225853208,,32.4375859375,32.4375859375
110,400000,auto_306,"[64, 64]","[128, 128]",0.0008002983824707991,1.4896140962299413e-06,1024,64,5,0.9860787061013278,0.9245880346705846,0.28309620341849673,0.1369295288475828,0.008173216203259727,0.5,0.5,0.03139644935636998,,46.75984375,46.75984375
111,400000,auto_098,"[64, 64]","[64, 64]",0.0002944121441242525,5.460088230521054e-05,2048,64,5,0.9845491126154651,0.9171070769621462,0.1589605498521274,0.10115861587540172,0.06077069208880042,0.5,0.5,,,29.736382812499993,29.736382812499993
112,400000,auto_098,"[64, 64]","[64, 64]",0.0002944121441242525,5.460088230521054e-05,2048,64,5,0.9845491126154651,0.9171070769621462,0.1589605498521274,0.10115861587540172,0.06077069208880042,0.5,0.5,,,9.3631484375,9.3631484375
113,400000,auto_448,"[64, 64]","[64, 64]",0.0006245435660436964,2.7503355208453628e-05,1024,64,10,0.9890555593574961,0.914895434922753,0.236640117249551,0.12272053619766307,0.03326248168747035,0.5,0.5,0.013258283713613544,,-2.235984375,-2.235984375
114,400000,auto_359,"[64, 64]","[64, 64]",0.0003790356687552224,6.287029567600739e-05,256,64,8,0.9956781649896798,0.9121501979348245,0.19743427209690612,0.08354311267106172,0.0320270049103265,0.5,0.5,0.03196577497022432,,-26.364531250000006,-26.364531250000006
115,400000,auto_421,"[64, 64]","[128, 128]",0.0003323949229958681,3.130386428773952e-05,512,64,5,0.990109366279946,0.901723706450002,0.2053147959855876,0.07709934159862007,0.0654101984056697,0.5,0.5,0.009248103225853208,,49.226328124999995,49.226328124999995
116,400000,auto_448,"[64, 64]","[64, 64]",0.0006245435660436964,2.7503355208453628e-05,1024,64,10,0.9890555593574961,0.914895434922753,0.236640117249551,0.12272053619766307,0.03326248168747035,0.5,0.5,0.013258283713613544,,50.191398437500006,50.191398437500006
117,400000,auto_306,"[64, 64]","[128, 128]",0.0008002983824707991,1.4896140962299413e-06,1024,64,5,0.9860787061013278,0.9245880346705846,0.28309620341849673,0.1369295288475828,0.008173216203259727,0.5,0.5,0.03139644935636998,,40.420890625,40.420890625
118,400000,auto_366,"[64, 64]","[128, 128]",0.00030373889755282445,6.746190580944042e-06,1024,64,8,0.9906351130454322,0.9102249957402518,0.19229350632406766,0.040226497785352366,0.01449789702512093,0.5,0.5,0.03674466196892715,,24.256882812500002,24.256882812500002
119,400000,auto_421,"[64, 64]","[128, 128]",0.0003323949229958681,3.130386428773952e-05,512,64,5,0.990109366279946,0.901723706450002,0.2053147959855876,0.07709934159862007,0.0654101984056697,0.5,0.5,0.009248103225853208,,11.4996328125,11.4996328125
120,400000,auto_448,"[64, 64]","[64, 64]",0.0006245435660436964,2.7503355208453628e-05,1024,64,10,0.9890555593574961,0.914895434922753,0.236640117249551,0.12272053619766307,0.03326248168747035,0.5,0.5,0.013258283713613544,,-9.68621875,-9.68621875
121,400000,auto_366,"[64, 64]","[128, 128]",0.00030373889755282445,6.746190580944042e-06,1024,64,8,0.9906351130454322,0.9102249957402518,0.19229350632406766,0.040226497785352366,0.01449789702512093,0.5,0.5,0.03674466196892715,,41.46578906250001,41.46578906250001
122,400000,auto_359,"[64, 64]","[64, 64]",0.0003790356687552224,6.287029567600739e-05,256,64,8,0.9956781649896798,0.9121501979348245,0.19743427209690612,0.08354311267106172,0.0320270049103265,0.5,0.5,0.03196577497022432,,46.103125,46.103125
123,400000,auto_306,"[64, 64]","[128, 128]",0.0008002983824707991,1.4896140962299413e-06,1024,64,5,0.9860787061013278,0.9245880346705846,0.28309620341849673,0.1369295288475828,0.008173216203259727,0.5,0.5,0.03139644935636998,,44.6459375,44.6459375
124,400000,auto_366,"[64, 64]","[128, 128]",0.00030373889755282445,6.746190580944042e-06,1024,64,8,0.9906351130454322,0.9102249957402518,0.19229350632406766,0.040226497785352366,0.01449789702512093,0.5,0.5,0.03674466196892715,,33.894906250000005,34.0181171875
125,400000,auto_306,"[64, 64]","[128, 128]",0.0008002983824707991,1.4896140962299413e-06,1024,64,5,0.9860787061013278,0.9245880346705846,0.28309620341849673,0.1369295288475828,0.008173216203259727,0.5,0.5,0.03139644935636998,,22.433796875,22.4542265625
126,400000,auto_366,"[64, 64]","[128, 128]",0.00030373889755282445,6.746190580944042e-06,1024,64,8,0.9906351130454322,0.9102249957402518,0.19229350632406766,0.040226497785352366,0.01449789702512093,0.5,0.5,0.03674466196892715,,3.7056562499999997,3.7056562499999997
127,400000,auto_366,"[64, 64]","[128, 128]",0.00030373889755282445,6.746190580944042e-06,1024,64,8,0.9906351130454322,0.9102249957402518,0.19229350632406766,0.040226497785352366,0.01449789702512093,0.5,0.5,0.03674466196892715,,34.3489765625,34.3489765625
128,400000,auto_366,"[64, 64]","[128, 128]",0.00030373889755282445,6.746190580944042e-06,1024,64,8,0.9906351130454322,0.9102249957402518,0.19229350632406766,0.040226497785352366,0.01449789702512093,0.5,0.5,0.03674466196892715,,40.0198828125,40.042140625
129,400000,auto_421,"[64, 64]","[128, 128]",0.0003323949229958681,3.130386428773952e-05,512,64,5,0.990109366279946,0.901723706450002,0.2053147959855876,0.07709934159862007,0.0654101984056697,0.5,0.5,0.009248103225853208,,42.8460546875,42.8460546875
130,400000,auto_306,"[64, 64]","[128, 128]",0.0008002983824707991,1.4896140962299413e-06,1024,64,5,0.9860787061013278,0.9245880346705846,0.28309620341849673,0.1369295288475828,0.008173216203259727,0.5,0.5,0.03139644935636998,,38.1835078125,38.1835078125
131,400000,auto_098,"[64, 64]","[64, 64]",0.0002944121441242525,5.460088230521054e-05,2048,64,5,0.9845491126154651,0.9171070769621462,0.1589605498521274,0.10115861587540172,0.06077069208880042,0.5,0.5,,,30.5413515625,30.5413515625
132,400000,auto_366,"[64, 64]","[128, 128]",0.00030373889755282445,6.746190580944042e-06,1024,64,8,0.9906351130454322,0.9102249957402518,0.19229350632406766,0.040226497785352366,0.01449789702512093,0.5,0.5,0.03674466196892715,,14.3972734375,14.3972734375
133,400000,auto_359,"[64, 64]","[64, 64]",0.0003790356687552224,6.287029567600739e-05,256,64,8,0.9956781649896798,0.9121501979348245,0.19743427209690612,0.08354311267106172,0.0320270049103265,0.5,0.5,0.03196577497022432,,27.137109375,27.137109375
134,400000,auto_306,"[64, 64]","[128, 128]",0.0008002983824707991,1.4896140962299413e-06,1024,64,5,0.9860787061013278,0.9245880346705846,0.28309620341849673,0.1369295288475828,0.008173216203259727,0.5,0.5,0.03139644935636998,,33.6505078125,33.824265624999995
135,400000,auto_306,"[64, 64]","[128, 128]",0.0008002983824707991,1.4896140962299413e-06,1024,64,5,0.9860787061013278,0.9245880346705846,0.28309620341849673,0.1369295288475828,0.008173216203259727,0.5,0.5,0.03139644935636998,,38.6032734375,38.6032734375
136,400000,auto_306,"[64, 64]","[128, 128]",0.0008002983824707991,1.4896140962299413e-06,1024,64,5,0.9860787061013278,0.9245880346705846,0.28309620341849673,0.1369295288475828,0.008173216203259727,0.5,0.5,0.03139644935636998,,38.1629140625,38.1629140625
137,400000,auto_366,"[64, 64]","[128, 128]",0.00030373889755282445,6.746190580944042e-06,1024,64,8,0.9906351130454322,0.9102249957402518,0.19229350632406766,0.040226497785352366,0.01449789702512093,0.5,0.5,0.03674466196892715,,34.178406249999995,34.178406249999995
138,400000,auto_306,"[64, 64]","[128, 128]",0.0008002983824707991,1.4896140962299413e-06,1024,64,5,0.9860787061013278,0.9245880346705846,0.28309620341849673,0.1369295288475828,0.008173216203259727,0.5,0.5,0.03139644935636998,,22.2804140625,22.2804140625
139,400000,auto_306,"[64, 64]","[128, 128]",0.0008002983824707991,1.4896140962299413e-06,1024,64,5,0.9860787061013278,0.9245880346705846,0.28309620341849673,0.1369295288475828,0.008173216203259727,0.5,0.5,0.03139644935636998,,19.460390625000002,19.460390625000002
140,400000,auto_448,"[64, 64]","[64, 64]",0.0006245435660436964,2.7503355208453628e-05,1024,64,10,0.9890555593574961,0.914895434922753,0.236640117249551,0.12272053619766307,0.03326248168747035,0.5,0.5,0.013258283713613544,,27.158976562499998,27.158976562499998
141,400000,auto_098,"[64, 64]","[64, 64]",0.0002944121441242525,5.460088230521054e-05,2048,64,5,0.9845491126154651,0.9171070769621462,0.1589605498521274,0.10115861587540172,0.06077069208880042,0.5,0.5,,,33.218796874999995,33.218796874999995
142,400000,auto_306,"[64, 64]","[128, 128]",0.0008002983824707991,1.4896140962299413e-06,1024,64,5,0.9860787061013278,0.9245880346705846,0.28309620341849673,0.1369295288475828,0.008173216203259727,0.5,0.5,0.03139644935636998,,35.36540625,35.6152890625
143,400000,auto_098,"[64, 64]","[64, 64]",0.0002944121441242525,5.460088230521054e-05,2048,64,5,0.9845491126154651,0.9171070769621462,0.1589605498521274,0.10115861587540172,0.06077069208880042,0.5,0.5,,,34.9699375,34.9699375
144,400000,auto_421,"[64, 64]","[128, 128]",0.0003323949229958681,3.130386428773952e-05,512,64,5,0.990109366279946,0.901723706450002,0.2053147959855876,0.07709934159862007,0.0654101984056697,0.5,0.5,0.009248103225853208,,26.614546874999995,26.614546874999995
145,375000,auto_098,"[64, 64]","[64, 64]",0.0002944121441242525,5.460088230521054e-05,2048,64,5,0.9845491126154651,0.9171070769621462,0.1589605498521274,0.10115861587540172,0.06077069208880042,0.5,0.5,,,53.0871953125,53.0871953125
146,375000,auto_098,"[64, 64]","[64, 64]",0.0002944121441242525,5.460088230521054e-05,2048,64,5,0.9845491126154651,0.9171070769621462,0.1589605498521274,0.10115861587540172,0.06077069208880042,0.5,0.5,,,63.00308593750001,63.00308593750001
147,375000,auto_366,"[64, 64]","[128, 128]",0.00030373889755282445,6.746190580944042e-06,1024,64,8,0.9906351130454322,0.9102249957402518,0.19229350632406766,0.040226497785352366,0.01449789702512093,0.5,0.5,0.03674466196892715,,43.6385234375,43.6385234375
148,375000,auto_366,"[64, 64]","[128, 128]",0.00030373889755282445,6.746190580944042e-06,1024,64,8,0.9906351130454322,0.9102249957402518,0.19229350632406766,0.040226497785352366,0.01449789702512093,0.5,0.5,0.03674466196892715,,24.7987734375,24.7987734375
149,375000,auto_098,"[64, 64]","[64, 64]",0.0002944121441242525,5.460088230521054e-05,2048,64,5,0.9845491126154651,0.9171070769621462,0.1589605498521274,0.10115861587540172,0.06077069208880042,0.5,0.5,,,7.6182265624999985,7.6182265624999985
150,375000,auto_366,"[64, 64]","[128, 128]",0.00030373889755282445,6.746190580944042e-06,1024,64,8,0.9906351130454322,0.9102249957402518,0.19229350632406766,0.040226497785352366,0.01449789702512093,0.5,0.5,0.03674466196892715,,-12.5466796875,-12.5466796875
151,375000,auto_421,"[64, 64]","[128, 128]",0.0003323949229958681,3.130386428773952e-05,512,64,5,0.990109366279946,0.901723706450002,0.2053147959855876,0.07709934159862007,0.0654101984056697,0.5,0.5,0.009248103225853208,,71.31878125,71.31878125
152,375000,auto_366,"[64, 64]","[128, 128]",0.00030373889755282445,6.746190580944042e-06,1024,64,8,0.9906351130454322,0.9102249957402518,0.19229350632406766,0.040226497785352366,0.01449789702512093,0.5,0.5,0.03674466196892715,,68.55359375,68.55359375
153,375000,auto_306,"[64, 64]","[128, 128]",0.0008002983824707991,1.4896140962299413e-06,1024,64,5,0.9860787061013278,0.9245880346705846,0.28309620341849673,0.1369295288475828,0.008173216203259727,0.5,0.5,0.03139644935636998,,57.5420625,57.5420625
154,375000,auto_099,"[128, 128]","[128, 128]",0.00029267995456034836,3.8862517346673336e-05,1024,64,10,0.991791938092433,0.9095526079322096,0.25808645998611496,0.11848356372889815,0.05743360182820927,0.5,0.5,0.02653174829025068,,41.7255078125,41.7255078125
155,375000,auto_366,"[64, 64]","[128, 128]",0.00030373889755282445,6.746190580944042e-06,1024,64,8,0.9906351130454322,0.9102249957402518,0.19229350632406766,0.040226497785352366,0.01449789702512093,0.5,0.5,0.03674466196892715,,23.8203203125,23.8203203125
156,375000,auto_366,"[64, 64]","[128, 128]",0.00030373889755282445,6.746190580944042e-06,1024,64,8,0.9906351130454322,0.9102249957402518,0.19229350632406766,0.040226497785352366,0.01449789702512093,0.5,0.5,0.03674466196892715,,3.09821875,3.09821875
157,375000,auto_421,"[64, 64]","[128, 128]",0.0003323949229958681,3.130386428773952e-05,512,64,5,0.990109366279946,0.901723706450002,0.2053147959855876,0.07709934159862007,0.0654101984056697,0.5,0.5,0.009248103225853208,,64.7963125,64.9568359375
158,375000,auto_366,"[64, 64]","[128, 128]",0.00030373889755282445,6.746190580944042e-06,1024,64,8,0.9906351130454322,0.9102249957402518,0.19229350632406766,0.040226497785352366,0.01449789702512093,0.5,0.5,0.03674466196892715,,66.0533671875,66.0533671875
159,375000,auto_366,"[64, 64]","[128, 128]",0.00030373889755282445,6.746190580944042e-06,1024,64,8,0.9906351130454322,0.9102249957402518,0.19229350632406766,0.040226497785352366,0.01449789702512093,0.5,0.5,0.03674466196892715,,62.4679453125,62.4679453125
160,375000,auto_366,"[64, 64]","[128, 128]",0.00030373889755282445,6.746190580944042e-06,1024,64,8,0.9906351130454322,0.9102249957402518,0.19229350632406766,0.040226497785352366,0.01449789702512093,0.5,0.5,0.03674466196892715,,53.01207031250001,53.01207031250001
161,375000,auto_098,"[64, 64]","[64, 64]",0.0002944121441242525,5.460088230521054e-05,2048,64,5,0.9845491126154651,0.9171070769621462,0.1589605498521274,0.10115861587540172,0.06077069208880042,0.5,0.5,,,39.1636640625,39.1636640625
162,375000,auto_306,"[64, 64]","[128, 128]",0.0008002983824707991,1.4896140962299413e-06,1024,64,5,0.9860787061013278,0.9245880346705846,0.28309620341849673,0.1369295288475828,0.008173216203259727,0.5,0.5,0.03139644935636998,,21.2658046875,21.2927265625
163,375000,auto_306,"[64, 64]","[128, 128]",0.0008002983824707991,1.4896140962299413e-06,1024,64,5,0.9860787061013278,0.9245880346705846,0.28309620341849673,0.1369295288475828,0.008173216203259727,0.5,0.5,0.03139644935636998,,58.93822656249999,58.93822656249999
164,375000,auto_098,"[64, 64]","[64, 64]",0.0002944121441242525,5.460088230521054e-05,2048,64,5,0.9845491126154651,0.9171070769621462,0.1589605498521274,0.10115861587540172,0.06077069208880042,0.5,0.5,,,61.575890625,61.575890625
165,375000,auto_306,"[64, 64]","[128, 128]",0.0008002983824707991,1.4896140962299413e-06,1024,64,5,0.9860787061013278,0.9245880346705846,0.28309620341849673,0.1369295288475828,0.008173216203259727,0.5,0.5,0.03139644935636998,,61.30541406249999,61.30541406249999
166,375000,auto_366,"[64, 64]","[128, 128]",0.00030373889755282445,6.746190580944042e-06,1024,64,8,0.9906351130454322,0.9102249957402518,0.19229350632406766,0.040226497785352366,0.01449789702512093,0.5,0.5,0.03674466196892715,,56.794828125,56.794828125
167,375000,auto_359,"[64, 64]","[64, 64]",0.0003790356687552224,6.287029567600739e-05,256,64,8,0.9956781649896798,0.9121501979348245,0.19743427209690612,0.08354311267106172,0.0320270049103265,0.5,0.5,0.03196577497022432,,47.8829609375,47.8829609375
168,375000,auto_448,"[64, 64]","[64, 64]",0.0006245435660436964,2.7503355208453628e-05,1024,64,10,0.9890555593574961,0.914895434922753,0.236640117249551,0.12272053619766307,0.03326248168747035,0.5,0.5,0.013258283713613544,,34.6655625,34.6655625
169,375000,auto_366,"[64, 64]","[128, 128]",0.00030373889755282445,6.746190580944042e-06,1024,64,8,0.9906351130454322,0.9102249957402518,0.19229350632406766,0.040226497785352366,0.01449789702512093,0.5,0.5,0.03674466196892715,,52.496921875,52.86653125
170,375000,auto_421,"[64, 64]","[128, 128]",0.0003323949229958681,3.130386428773952e-05,512,64,5,0.990109366279946,0.901723706450002,0.2053147959855876,0.07709934159862007,0.0654101984056697,0.5,0.5,0.009248103225853208,,56.057585937499994,56.057585937499994
171,375000,auto_366,"[64, 64]","[128, 128]",0.00030373889755282445,6.746190580944042e-06,1024,64,8,0.9906351130454322,0.9102249957402518,0.19229350632406766,0.040226497785352366,0.01449789702512093,0.5,0.5,0.03674466196892715,,58.273882812500005,58.273882812500005
172,375000,auto_306,"[64, 64]","[128, 128]",0.0008002983824707991,1.4896140962299413e-06,1024,64,5,0.9860787061013278,0.9245880346705846,0.28309620341849673,0.1369295288475828,0.008173216203259727,0.5,0.5,0.03139644935636998,,56.3421875,56.44878125
173,375000,auto_098,"[64, 64]","[64, 64]",0.0002944121441242525,5.460088230521054e-05,2048,64,5,0.9845491126154651,0.9171070769621462,0.1589605498521274,0.10115861587540172,0.06077069208880042,0.5,0.5,,,51.059250000000006,51.059250000000006
174,375000,auto_099,"[128, 128]","[128, 128]",0.00029267995456034836,3.8862517346673336e-05,1024,64,10,0.991791938092433,0.9095526079322096,0.25808645998611496,0.11848356372889815,0.05743360182820927,0.5,0.5,0.02653174829025068,,41.561484375,41.561484375
175,375000,auto_138,"[64, 64]","[128, 128]",0.0007262635909625315,5.3304802439987826e-05,256,64,8,0.9900757075487362,0.9191551905508695,0.31322072299055664,0.08936037662852556,0.028343529607694647,0.5,0.5,,,47.1615703125,47.1615703125
176,375000,auto_359,"[64, 64]","[64, 64]",0.0003790356687552224,6.287029567600739e-05,256,64,8,0.9956781649896798,0.9121501979348245,0.19743427209690612,0.08354311267106172,0.0320270049103265,0.5,0.5,0.03196577497022432,,51.09333593750001,51.09333593750001
177,375000,auto_306,"[64, 64]","[128, 128]",0.0008002983824707991,1.4896140962299413e-06,1024,64,5,0.9860787061013278,0.9245880346705846,0.28309620341849673,0.1369295288475828,0.008173216203259727,0.5,0.5,0.03139644935636998,,54.514976562499996,54.514976562499996
178,375000,auto_366,"[64, 64]","[128, 128]",0.00030373889755282445,6.746190580944042e-06,1024,64,8,0.9906351130454322,0.9102249957402518,0.19229350632406766,0.040226497785352366,0.01449789702512093,0.5,0.5,0.03674466196892715,,54.587562500000004,54.677546875000004
179,375000,auto_306,"[64, 64]","[128, 128]",0.0008002983824707991,1.4896140962299413e-06,1024,64,5,0.9860787061013278,0.9245880346705846,0.28309620341849673,0.1369295288475828,0.008173216203259727,0.5,0.5,0.03139644935636998,,51.613109375,51.613109375
180,375000,auto_366,"[64, 64]","[128, 128]",0.00030373889755282445,6.746190580944042e-06,1024,64,8,0.9906351130454322,0.9102249957402518,0.19229350632406766,0.040226497785352366,0.01449789702512093,0.5,0.5,0.03674466196892715,,44.4949453125,44.4949453125
181,400000,auto_366,"[64, 64]","[128, 128]",0.00030373889755282445,6.746190580944042e-06,1024,64,8,0.9906351130454322,0.9102249957402518,0.19229350632406766,0.040226497785352366,0.01449789702512093,0.5,0.5,0.03674466196892715,,33.508515625,33.508515625
182,400000,auto_366,"[64, 64]","[128, 128]",0.00030373889755282445,6.746190580944042e-06,1024,64,8,0.9906351130454322,0.9102249957402518,0.19229350632406766,0.040226497785352366,0.01449789702512093,0.5,0.5,0.03674466196892715,,42.205703125,42.506046875
183,400000,auto_366,"[64, 64]","[128, 128]",0.00030373889755282445,6.746190580944042e-06,1024,64,8,0.9906351130454322,0.9102249957402518,0.19229350632406766,0.040226497785352366,0.01449789702512093,0.5,0.5,0.03674466196892715,,26.991374999999998,26.991374999999998
184,400000,auto_098,"[64, 64]","[64, 64]",0.0002944121441242525,5.460088230521054e-05,2048,64,5,0.9845491126154651,0.9171070769621462,0.1589605498521274,0.10115861587540172,0.06077069208880042,0.5,0.5,,,12.0063046875,12.0063046875
185,400000,auto_366,"[64, 64]","[128, 128]",0.00030373889755282445,6.746190580944042e-06,1024,64,8,0.9906351130454322,0.9102249957402518,0.19229350632406766,0.040226497785352366,0.01449789702512093,0.5,0.5,0.03674466196892715,,-3.8066562500000005,-3.7142968749999996
186,400000,auto_359,"[64, 64]","[64, 64]",0.0003790356687552224,6.287029567600739e-05,256,64,8,0.9956781649896798,0.9121501979348245,0.19743427209690612,0.08354311267106172,0.0320270049103265,0.5,0.5,0.03196577497022432,,-23.56175,-23.56175
187,400000,auto_306,"[64, 64]","[128, 128]",0.0008002983824707991,1.4896140962299413e-06,1024,64,5,0.9860787061013278,0.9245880346705846,0.28309620341849673,0.1369295288475828,0.008173216203259727,0.5,0.5,0.03139644935636998,,50.1815625,50.1815625
188,400000,auto_366,"[64, 64]","[128, 128]",0.00030373889755282445,6.746190580944042e-06,1024,64,8,0.9906351130454322,0.9102249957402518,0.19229350632406766,0.040226497785352366,0.01449789702512093,0.5,0.5,0.03674466196892715,,49.2374765625,49.2374765625
189,400000,auto_366,"[64, 64]","[128, 128]",0.00030373889755282445,6.746190580944042e-06,1024,64,8,0.9906351130454322,0.9102249957402518,0.19229350632406766,0.040226497785352366,0.01449789702512093,0.5,0.5,0.03674466196892715,,40.12946875,40.12946875
190,400000,auto_421,"[64, 64]","[128, 128]",0.0003323949229958681,3.130386428773952e-05,512,64,5,0.990109366279946,0.901723706450002,0.2053147959855876,0.07709934159862007,0.0654101984056697,0.5,0.5,0.009248103225853208,,26.032710937500003,26.032710937500003
191,400000,auto_366,"[64, 64]","[128, 128]",0.00030373889755282445,6.746190580944042e-06,1024,64,8,0.9906351130454322,0.9102249957402518,0.19229350632406766,0.040226497785352366,0.01449789702512093,0.5,0.5,0.03674466196892715,,9.713203125,9.9173125
192,400000,auto_366,"[64, 64]","[128, 128]",0.00030373889755282445,6.746190580944042e-06,1024,64,8,0.9906351130454322,0.9102249957402518,0.19229350632406766,0.040226497785352366,0.01449789702512093,0.5,0.5,0.03674466196892715,,-9.918656250000002,-9.918656250000002
193,400000,auto_306,"[64, 64]","[128, 128]",0.0008002983824707991,1.4896140962299413e-06,1024,64,5,0.9860787061013278,0.9245880346705846,0.28309620341849673,0.1369295288475828,0.008173216203259727,0.5,0.5,0.03139644935636998,,42.76109375,42.76109375
194,400000,auto_366,"[64, 64]","[128, 128]",0.00030373889755282445,6.746190580944042e-06,1024,64,8,0.9906351130454322,0.9102249957402518,0.19229350632406766,0.040226497785352366,0.01449789702512093,0.5,0.5,0.03674466196892715,,46.045875,46.045875
195,400000,auto_359,"[64, 64]","[64, 64]",0.0003790356687552224,6.287029567600739e-05,256,64,8,0.9956781649896798,0.9121501979348245,0.19743427209690612,0.08354311267106172,0.0320270049103265,0.5,0.5,0.03196577497022432,,44.1074375,44.1074375
196,400000,auto_448,"[64, 64]","[64, 64]",0.0006245435660436964,2.7503355208453628e-05,1024,64,10,0.9890555593574961,0.914895434922753,0.236640117249551,0.12272053619766307,0.03326248168747035,0.5,0.5,0.013258283713613544,,35.5508671875,35.5508671875
197,400000,auto_098,"[64, 64]","[64, 64]",0.0002944121441242525,5.460088230521054e-05,2048,64,5,0.9845491126154651,0.9171070769621462,0.1589605498521274,0.10115861587540172,0.06077069208880042,0.5,0.5,,,22.143257812500003,22.143257812500003
198,400000,auto_448,"[64, 64]","[64, 64]",0.0006245435660436964,2.7503355208453628e-05,1024,64,10,0.9890555593574961,0.914895434922753,0.236640117249551,0.12272053619766307,0.03326248168747035,0.5,0.5,0.013258283713613544,,3.5515390624999994,3.5515390624999994
199,400000,auto_366,"[64, 64]","[128, 128]",0.00030373889755282445,6.746190580944042e-06,1024,64,8,0.9906351130454322,0.9102249957402518,0.19229350632406766,0.040226497785352366,0.01449789702512093,0.5,0.5,0.03674466196892715,,35.5201171875,35.5201171875
200,400000,auto_098,"[64, 64]","[64, 64]",0.0002944121441242525,5.460088230521054e-05,2048,64,5,0.9845491126154651,0.9171070769621462,0.1589605498521274,0.10115861587540172,0.06077069208880042,0.5,0.5,,,40.275015625,40.275015625
201,400000,auto_306,"[64, 64]","[128, 128]",0.0008002983824707991,1.4896140962299413e-06,1024,64,5,0.9860787061013278,0.9245880346705846,0.28309620341849673,0.1369295288475828,0.008173216203259727,0.5,0.5,0.03139644935636998,,42.5277578125,42.5277578125
202,400000,auto_366,"[64, 64]","[128, 128]",0.00030373889755282445,6.746190580944042e-06,1024,64,8,0.9906351130454322,0.9102249957402518,0.19229350632406766,0.040226497785352366,0.01449789702512093,0.5,0.5,0.03674466196892715,,39.43971875,39.43971875
203,400000,auto_098,"[64, 64]","[64, 64]",0.0002944121441242525,5.460088230521054e-05,2048,64,5,0.9845491126154651,0.9171070769621462,0.1589605498521274,0.10115861587540172,0.06077069208880042,0.5,0.5,,,30.437421875000002,30.437421875000002
204,400000,auto_366,"[64, 64]","[128, 128]",0.00030373889755282445,6.746190580944042e-06,1024,64,8,0.9906351130454322,0.9102249957402518,0.19229350632406766,0.040226497785352366,0.01449789702512093,0.5,0.5,0.03674466196892715,,15.325,15.325
205,400000,auto_366,"[64, 64]","[128, 128]",0.00030373889755282445,6.746190580944042e-06,1024,64,8,0.9906351130454322,0.9102249957402518,0.19229350632406766,0.040226497785352366,0.01449789702512093,0.5,0.5,0.03674466196892715,,28.128390624999998,28.128390624999998
206,400000,auto_366,"[64, 64]","[128, 128]",0.00030373889755282445,6.746190580944042e-06,1024,64,8,0.9906351130454322,0.9102249957402518,0.19229350632406766,0.040226497785352366,0.01449789702512093,0.5,0.5,0.03674466196892715,,33.851796875000005,33.851796875000005
207,400000,auto_098,"[64, 64]","[64, 64]",0.0002944121441242525,5.460088230521054e-05,2048,64,5,0.9845491126154651,0.9171070769621462,0.1589605498521274,0.10115861587540172,0.06077069208880042,0.5,0.5,,,38.2179296875,38.2179296875
208,400000,auto_448,"[64, 64]","[64, 64]",0.0006245435660436964,2.7503355208453628e-05,1024,64,10,0.9890555593574961,0.914895434922753,0.236640117249551,0.12272053619766307,0.03326248168747035,0.5,0.5,0.013258283713613544,,38.9321328125,38.9321328125
209,400000,auto_448,"[64, 64]","[64, 64]",0.0006245435660436964,2.7503355208453628e-05,1024,64,10,0.9890555593574961,0.914895434922753,0.236640117249551,0.12272053619766307,0.03326248168747035,0.5,0.5,0.013258283713613544,,34.3726328125,34.3726328125
210,400000,auto_306,"[64, 64]","[128, 128]",0.0008002983824707991,1.4896140962299413e-06,1024,64,5,0.9860787061013278,0.9245880346705846,0.28309620341849673,0.1369295288475828,0.008173216203259727,0.5,0.5,0.03139644935636998,,23.3394921875,23.3394921875
211,400000,auto_366,"[64, 64]","[128, 128]",0.00030373889755282445,6.746190580944042e-06,1024,64,8,0.9906351130454322,0.9102249957402518,0.19229350632406766,0.040226497785352366,0.01449789702512093,0.5,0.5,0.03674466196892715,,20.421984375,20.421984375
212,400000,auto_421,"[64, 64]","[128, 128]",0.0003323949229958681,3.130386428773952e-05,512,64,5,0.990109366279946,0.901723706450002,0.2053147959855876,0.07709934159862007,0.0654101984056697,0.5,0.5,0.009248103225853208,,26.945851562500003,26.945851562500003
213,400000,auto_366,"[64, 64]","[128, 128]",0.00030373889755282445,6.746190580944042e-06,1024,64,8,0.9906351130454322,0.9102249957402518,0.19229350632406766,0.040226497785352366,0.01449789702512093,0.5,0.5,0.03674466196892715,,33.16284375,33.16284375
214,400000,auto_366,"[64, 64]","[128, 128]",0.00030373889755282445,6.746190580944042e-06,1024,64,8,0.9906351130454322,0.9102249957402518,0.19229350632406766,0.040226497785352366,0.01449789702512093,0.5,0.5,0.03674466196892715,,36.621671875000004,36.621671875000004
215,400000,auto_421,"[64, 64]","[128, 128]",0.0003323949229958681,3.130386428773952e-05,512,64,5,0.990109366279946,0.901723706450002,0.2053147959855876,0.07709934159862007,0.0654101984056697,0.5,0.5,0.009248103225853208,,34.7075234375,34.7075234375
216,400000,auto_421,"[64, 64]","[128, 128]",0.0003323949229958681,3.130386428773952e-05,512,64,5,0.990109366279946,0.901723706450002,0.2053147959855876,0.07709934159862007,0.0654101984056697,0.5,0.5,0.009248103225853208,,27.31984375,27.31984375
